PassengerId,pred_rf,pred_xgb,pred_voting,pred_stack,blend_prob,final_surv
892,0.09912586326670912,0.099338114,0.09600678703007137,0.09464580614126197,0.09809075012837262,0
893,0.37652949752161424,0.26456425,0.38773660074717675,0.33222004425882695,0.3206660350630897,0
894,0.17114446532296895,0.12341505,0.12258673167680147,0.1132406429899269,0.13757674700200606,0
895,0.16265392743315676,0.19114451,0.14459414135935322,0.12636609597546672,0.1649782045270397,0
896,0.632193200478022,0.65419644,0.6419109712675906,0.7008530967084384,0.6581594708138386,1
897,0.1265776769491392,0.11893987,0.11664084313123557,0.10587657769098399,0.11834727825221303,0
898,0.5071910238441559,0.51664144,0.5558192583644638,0.5695903103039915,0.5265710111243943,1
899,0.06345877073746037,0.068114564,0.07789363532645426,0.08391404490172338,0.07043490614011146,0
900,0.6497748230451856,0.74697024,0.7578312322782415,0.8003290824348973,0.7262915591555726,1
901,0.08532235868024962,0.07786441,0.0709037113622404,0.08420916976164304,0.08206088249330201,0
902,0.07150057973004624,0.08524989,0.07885108153617243,0.08584032938333502,0.08058524408838226,0
903,0.147898499983887,0.14279287,0.1567869713247153,0.1260123037131758,0.14038469643118215,0
904,0.9654299131115747,0.94814366,0.9636608075576537,0.9359298799263961,0.951140409939989,1
905,0.09059522335150472,0.086241886,0.07452743080685247,0.08622789891435896,0.08776205730949908,0
906,0.9762051374561784,0.94831526,0.9674395319960127,0.9375140811336776,0.9553764235108797,1
907,0.9385882512402856,0.91750574,0.9310662681104661,0.9243640174200262,0.9265992006577892,1
908,0.11905516601529134,0.10306321,0.14906655985950965,0.116410974588139,0.11199733609038415,0
909,0.14817116772935843,0.15850978,0.1431233232055531,0.12148742834521899,0.1456356776801796,0
910,0.4327121644059948,0.44823065,0.4577087343701987,0.4420476231473259,0.441253424929424,0
911,0.46926208964197286,0.28956068,0.49223266122974696,0.45734758077564114,0.3944029012873622,0
912,0.16084318838606967,0.12781176,0.15858451697241138,0.12718609675703227,0.13921634326344914,0
913,0.5910741860361443,0.7149931,0.6623319508741287,0.7168386555727472,0.6720828707412957,1
914,0.8686244252631602,0.93478286,0.9056133875061779,0.9120677646214576,0.9059486291023137,1
915,0.30864884008489435,0.4361577,0.36743294023320033,0.3252031608040672,0.3637909626103608,0
916,0.8536230902930667,0.8171779,0.8672377087221689,0.8898669878517848,0.8481059852580244,1
917,0.045779493438001494,0.060232803,0.04377106405945283,0.07253751533453323,0.05825032282714074,0
918,0.9869762797003205,0.9505003,0.9641926154642072,0.9375603655745827,0.9600319071152196,1
919,0.13930685407104462,0.1598437,0.13959860013522762,0.11910025704317945,0.14246994095312798,0
920,0.4834456368916169,0.5581094,0.46543396882515137,0.48286526684857234,0.5131660477065988,1
921,0.12798396053031513,0.10260459,0.09739911279060788,0.09809254890943388,0.11035935955550874,0
922,0.06434466767436196,0.07281707,0.07214578626603853,0.08253581328524144,0.0722814155437283,0
923,0.0587569110741839,0.072253294,0.08009725113310864,0.08440297217865105,0.07056698000880099,0
924,0.6372727960748829,0.62779784,0.5813561414891312,0.646181084941687,0.6357098866719335,1
925,0.5640888308678139,0.46749768,0.5140347086039818,0.5362352888504566,0.5184889806804954,1
926,0.5227388186021031,0.5145297,0.4904072198184058,0.510256186480565,0.5163345211103848,1
927,0.15446011462715614,0.13965704,0.14180151441729957,0.12025122558732045,0.1399866607043383,0
928,0.4089229849801066,0.3181982,0.4554204782273952,0.41081604580271786,0.3731063378099277,0
929,0.3545020029082259,0.32030398,0.43256528015184265,0.37562596948269505,0.3461037929435684,0
930,0.09687729518115848,0.10186799,0.09446095760680806,0.0940731916400349,0.09817254670566822,0
931,0.5627015225573654,0.50214887,0.4144061056913999,0.4452839939830639,0.5091260780522208,1
932,0.06793738842779376,0.069586374,0.060592618056156226,0.0793128018020325,0.0714408359464777,0
933,0.5223844543856986,0.6598604,0.5595271343171558,0.6018914917274543,0.5972515809841921,1
934,0.0853904427277482,0.09940565,0.07445793783348455,0.08649300502173765,0.09127216473980937,0
935,0.8861107502937589,0.887066,0.8967318981490419,0.9080344962259559,0.8919738072048826,1
936,0.985175850000872,0.9456629,0.9671667990216296,0.9379197140611437,0.9575566482587095,1
937,0.10796296129270408,0.12695654,0.10539804383417384,0.10045395646954354,0.11368314275137184,0
938,0.3994307972596454,0.4355255,0.4246238412251233,0.39951390007750687,0.41388945973442404,0
939,0.0950371299579197,0.113386765,0.10396297182178198,0.09781855538420516,0.10307233963523058,0
940,0.9399985867219124,0.93946314,0.9545997194976735,0.9316319336921745,0.9376927501683063,1
941,0.6192605739414352,0.63482606,0.5737047528047491,0.635902589511418,0.6296472679408133,1
942,0.5006160350164156,0.56324476,0.4737816628988938,0.4966372135026125,0.5246728285866826,1
943,0.1322705823941271,0.11630824,0.17514375152335318,0.12996381980944496,0.12530895785851823,0
944,0.8170912608791109,0.88465756,0.7473872008175926,0.8362075709408584,0.8488968647149767,1
945,0.8351334635229425,0.76202226,0.7787854510716672,0.8435880721761768,0.8080026449384814,1
946,0.1617062796935683,0.17802176,0.20307617113694398,0.1523789067708067,0.16590063257371274,0
947,0.05543233982855732,0.06994333,0.14578785061269373,0.10589233366599575,0.0738517348292952,0
948,0.08082207561174629,0.0912984,0.08006729574050644,0.08736914050434429,0.08664937138743657,0
949,0.15605062522440175,0.118994825,0.14914794774219883,0.1219177727150767,0.1326950918426293,0
950,0.05368030048691066,0.07673493,0.06520806759683449,0.07985045946764258,0.0694446925206067,0
951,0.9313695998445997,0.8534054,0.9146217162783513,0.9157161751185808,0.896270582050908,1
952,0.09319379877805808,0.09111765,0.09340210298382605,0.09273173560518021,0.09224782283674214,0
953,0.15678913989323426,0.18023041,0.1750555576450955,0.13834991296550794,0.16155584523713198,0
954,0.09040128358669897,0.09779516,0.0940343154067547,0.09308031958228077,0.09402859185571638,0
955,0.6440570354550004,0.7018235,0.6747492143286168,0.7361929802250384,0.6901975906957191,1
956,0.6870895727161688,0.5401147,0.7131943596829114,0.7518245599826358,0.6444833767244704,1
957,0.8979107125913153,0.89487344,0.9046527876359391,0.9120798689130696,0.9002380927414899,1
958,0.7838979927215429,0.7370635,0.7409745440024008,0.8120821620940946,0.7722102428584947,1
959,0.12680933912417042,0.10706789,0.13718489680619286,0.11287126466041164,0.11542824029960831,0
960,0.5010008927523586,0.52112126,0.5065688917874271,0.5211616641539165,0.5140892428441126,1
961,0.7789809511748849,0.7615085,0.7699548029647957,0.8303996965650904,0.7848466847010266,1
962,0.60561409106896,0.65238005,0.6427148949016939,0.6950595164410334,0.6466818366363261,1
963,0.07446629654441968,0.09082319,0.08412515911756835,0.0880457993530958,0.08440393048858112,0
964,0.40930797183057416,0.43097737,0.4739074703737492,0.44822128483049883,0.42770406405466266,0
965,0.555049123429472,0.63439757,0.6416786434356769,0.6794532079053072,0.6178895217040468,1
966,0.950253254650705,0.9224908,0.9446175856277225,0.929062540764514,0.933850596473874,1
967,0.3875244753880082,0.33277047,0.4401263771905229,0.3933151325127217,0.36707053325555283,0
968,0.08299159965376245,0.093771145,0.08562798587439795,0.08944950380049436,0.08891789372803408,0
969,0.7866385074594716,0.7880425,0.8081505032629926,0.85378287813116,0.8039861854687241,1
970,0.1416886541729544,0.16910227,0.16746741854903865,0.1320214906930557,0.15023730969625598,0
971,0.60561409106896,0.65238005,0.6427148949016939,0.6950595164410334,0.6466818366363261,1
972,0.8571167283267712,0.85612684,0.8067227158589464,0.8682125142240474,0.8594947214235679,1
973,0.19527829738369448,0.15829735,0.1967656077553268,0.15217372372924984,0.16970977303349702,0
974,0.15330520475055642,0.15486088,0.16094688551321815,0.12943922090187537,0.1479609812136965,0
975,0.07150057973004624,0.08524989,0.07885108153617243,0.08584032938333502,0.08058524408838226,0
976,0.12126775468928462,0.13106771,0.16208989816963515,0.12414433926299136,0.12590688221085794,0
977,0.07753661415161958,0.089063644,0.08562320139374334,0.08868780979305065,0.08493522516500139,0
978,0.5967363508070687,0.6518183,0.6355878174851024,0.6869557778011328,0.6413239833738857,1
979,0.4089229849801066,0.3181982,0.4554204782273952,0.41081604580271786,0.3731063378099277,0
980,0.7750414569716818,0.74765146,0.7412985705534639,0.8119341513813096,0.77330863090004,1
981,0.8988462139428758,0.9256647,0.8807209845951297,0.9062796601340957,0.911431991002245,1
982,0.5977375359910438,0.6074657,0.657320844927601,0.6984879208114281,0.6268163945455185,1
983,0.10116531091435052,0.11348638,0.09806860101631232,0.09640438371925134,0.10490350575877525,0
984,0.9165346967974259,0.9240685,0.9203286749417572,0.9199517772780201,0.9204025043324846,1
985,0.08299159965376245,0.093771145,0.08562798587439795,0.08944950380049436,0.08891789372803408,0
986,0.30468380594109457,0.38410398,0.3638640633401173,0.31317906252120703,0.3385756941461854,0
987,0.1071515451388399,0.115902275,0.10135268556841054,0.09825957145642178,0.10842884360151166,0
988,0.8797499297485949,0.9005,0.8815567693147575,0.90320072777735,0.8939126750470042,1
989,0.17294642531074825,0.26772752,0.17214513336714665,0.14675528147101918,0.20431107884336847,0
990,0.5348216826398262,0.55210316,0.5719823669253143,0.5984157614041088,0.5576328029403945,1
991,0.10366206841228796,0.1253884,0.09995818161802861,0.09803585122127888,0.11094604700128563,0
992,0.9788998014805056,0.9213408,0.9498773663447776,0.9323681421999849,0.9442432893771179,1
993,0.07602282155829804,0.09301279,0.11149832643050546,0.09727896860588713,0.08813284465754656,0
994,0.0950371299579197,0.113386765,0.10396297182178198,0.09781855538420516,0.10307233963523058,0
995,0.10116531091435052,0.11348638,0.09806860101631232,0.09640438371925134,0.10490350575877525,0
996,0.6758558015958536,0.7227799,0.7101382286996065,0.7710277883935658,0.7184184495121038,1
997,0.12224208609144878,0.14512582,0.12236963118789641,0.10935040801804445,0.12817266286481063,0
998,0.11585337765721988,0.11353831,0.11407797377318636,0.10347193138554481,0.11183198825405713,0
999,0.0950371299579197,0.113386765,0.10396297182178198,0.09781855538420516,0.10307233963523058,0
1000,0.09227129803282529,0.09340836,0.08906075018482097,0.09136965914011913,0.09250071576261627,0
1001,0.2842248185923769,0.2515069,0.31472953471347714,0.25092848190829997,0.2628135678953948,0
1002,0.13428273410254926,0.13088606,0.14178467512511947,0.11726150749415624,0.12866875900131056,0
1003,0.7806371519118709,0.7359847,0.7393321129639352,0.8104341507633536,0.7702254081142503,1
1004,0.9038526512551524,0.9388921,0.9264865139165591,0.9214521067571291,0.9222683110223997,1
1005,0.6422800911633293,0.69874287,0.6791543596201296,0.7387110742361929,0.6889729470726587,1
1006,0.8969010030678244,0.93402535,0.922983602830986,0.9196398464795881,0.9174354515867629,1
1007,0.1342038996876286,0.10367471,0.11475895694761894,0.1049537361336922,0.1146796820977972,0
1008,0.10518406089347479,0.104527906,0.10677158593209124,0.09922417644184368,0.10343162989170393,0
1009,0.820348702501102,0.837764,0.7242300195949728,0.8191026613572273,0.8270033389898848,1
1010,0.3743465869877594,0.33910304,0.36851075648646775,0.3268671103876027,0.3483793002743669,0
1011,0.9176123259503294,0.9088865,0.9087196909310161,0.9158191477933213,0.9136736979318856,1
1012,0.9085004153227036,0.9105783,0.9117501663208181,0.9160468499276532,0.9112181760802569,1
1013,0.11253163776119784,0.114211,0.09955209337669642,0.09805748559606176,0.10958484556133655,0
1014,0.97781687228305,0.92753756,0.9588615753388284,0.934738333867912,0.9469355308326197,1
1015,0.10103946194016002,0.1484543,0.1084209452995878,0.10222460538201619,0.12030168270320041,0
1016,0.0950371299579197,0.113386765,0.10396297182178198,0.09781855538420516,0.10307233963523058,0
1017,0.5360157695560225,0.47050548,0.5325526678781024,0.5469861076510588,0.5125542336763103,1
1018,0.10527817000057217,0.11347954,0.10137369874747316,0.09793136334314342,0.1067220169818468,0
1019,0.7248066839801872,0.69950193,0.6601134867077892,0.7420576906061194,0.7189975347115265,1
1020,0.15090796176482388,0.15541102,0.13827747924845565,0.11957273931288609,0.14487537866937295,0
1021,0.08340104306988572,0.096109346,0.08749532693675847,0.09021727585377058,0.09018842449519902,0
1022,0.15170073020515687,0.23103201,0.15160707235402687,0.131262144223095,0.17832359867494574,0
1023,0.5112040609652116,0.41737354,0.447265609264242,0.4479602748710075,0.4578609112229496,0
1024,0.2852806926263705,0.116588175,0.25729062717625323,0.19587138942474566,0.19545135989412948,0
1025,0.11042101867887494,0.10880323,0.0987092878079916,0.09722386436753622,0.10647461513713875,0
1026,0.08123066465002847,0.09572484,0.07139675788049417,0.08499312932206703,0.0879689530800608,0
1027,0.08213658792035577,0.0923795,0.08569147482495382,0.08931221799786011,0.0880276629425452,0
1028,0.12406074325351829,0.11170911,0.11587198606248594,0.10484729239340207,0.11431672964778558,0
1029,0.0769852978532522,0.094880864,0.12436580027392381,0.10198906083087625,0.09039446432096418,0
1030,0.37575877382813644,0.3104777,0.4320164196668846,0.3789893330807652,0.35045398712405046,0
1031,0.08024528014597358,0.08631902,0.05614558393705347,0.07991133328843056,0.08259129236062324,0
1032,0.12243398680155348,0.07816615,0.12072237360504436,0.10421239395144542,0.10017145592623397,0
1033,0.8692497034355021,0.8411808,0.8669970811054011,0.8930970682178496,0.8639839957344577,1
1034,0.25012170996019634,0.20560063,0.20106273567053876,0.1670424602146309,0.21154346722663134,0
1035,0.08041673468846941,0.10505485,0.13513774350239025,0.1069455241428691,0.09690417957029539,0
1036,0.3883174936490461,0.48422694,0.35312014393353647,0.33993084531281603,0.4145846109303213,0
1037,0.08478623549497558,0.11030588,0.07204961771572518,0.08631248697760414,0.09537565736378659,0
1038,0.26672975812322913,0.2182852,0.3514021550715496,0.270168130077132,0.248211532034662,0
1039,0.08393747933584875,0.09699279,0.08895081073346282,0.0907844152317426,0.09087133934520089,0
1040,0.39314148587248127,0.48422694,0.3550178490817438,0.34278929581479883,0.41698762083401936,0
1041,0.3072842679646219,0.17203452,0.20578387559992448,0.17520421611594672,0.2201643560789525,0
1042,0.9571120091952691,0.94416034,0.9592891570743062,0.9341662440083174,0.9461949130279491,1
1043,0.09089541536580155,0.093245454,0.09961171972728605,0.09469936246630682,0.0927864198828042,0
1044,0.09729013573530963,0.08534878,0.06841411208201671,0.08489289024298785,0.08941428031223642,0
1045,0.5326939343254634,0.46773332,0.48509911648522896,0.4995045113909948,0.49841233727151957,0
1046,0.14223112316343406,0.19525057,0.1396492225986564,0.12213711267631085,0.15841539809579486,0
1047,0.08035224366613294,0.0989388,0.08706830025754052,0.08997034690664504,0.09019139291267989,0
1048,0.9676250394656849,0.93524635,0.9514641808128514,0.9325975422025413,0.9459166887160421,1
1049,0.5406875708485548,0.5574585,0.568883430909182,0.5979861746856877,0.5617205984624271,1
1050,0.5234222122251697,0.6598604,0.5593971846475008,0.6020445070494009,0.5976530500584936,1
1051,0.57045416807728,0.60109484,0.5962433026015992,0.6382001044706501,0.5996469247077797,1
1052,0.7398383914499809,0.7426133,0.7278520920519069,0.797028984008147,0.7552460032819757,1
1053,0.8110138875843889,0.81643575,0.7768034898284446,0.8441695105849565,0.8214715340599763,1
1054,0.815967582021202,0.8334193,0.8202757726009652,0.8672059874371694,0.8357578857141892,1
1055,0.1157050290445894,0.099592604,0.09775774436010104,0.09683527643129682,0.1045426230058352,0
1056,0.16093915776649886,0.14139475,0.1524059512016269,0.12560814425907255,0.14428864248667508,0
1057,0.6284078750875518,0.6288583,0.643866460362543,0.6977833836338235,0.6459319452562682,1
1058,0.24644251340810708,0.2799889,0.3233731027323481,0.2532414132633259,0.26156080337028315,0
1059,0.0449632389312228,0.0698116,0.045393367744883784,0.0733652071158317,0.062003075509060514,0
1060,0.849430446617268,0.8990179,0.8959838208146479,0.9050809683133558,0.8831780584857829,1
1061,0.3462583919161908,0.31766313,0.4281032897587578,0.3689996808484694,0.3405056136207678,0
1062,0.07468671293343472,0.09012566,0.08130174068953888,0.08714655616184636,0.08397725235944012,0
1063,0.15018655643856912,0.18812081,0.14973681603535272,0.12682227931296688,0.15951918796268802,0
1064,0.074243296455313,0.09073893,0.07656198673452995,0.08568485433759351,0.08370194150218802,0
1065,0.0996197764435712,0.11365951,0.10869573826823703,0.09992875815542825,0.10531291544969512,0
1066,0.060267699442534066,0.064821094,0.04242623411142327,0.07348578516212337,0.06539357880522612,0
1067,0.9199508634294616,0.92942387,0.8624367499631238,0.9023637497139564,0.919343287091264,1
1068,0.9376865187132847,0.9418382,0.910880554694882,0.919891553040577,0.9348984696354622,1
1069,0.3095779101247298,0.20920774,0.26023428463764303,0.21280700112950987,0.2452371146984351,0
1070,0.9014509546168997,0.9127716,0.8746741939547514,0.9037124865035392,0.906544594743646,1
1071,0.9031926148035745,0.933958,0.9320739579109133,0.9227110928224879,0.920378385980562,1
1072,0.1416886541729544,0.16910227,0.16746741854903865,0.1320214906930557,0.15023730969625598,0
1073,0.5504201340257766,0.63120395,0.559313093367705,0.6042113847486243,0.5961814728767565,1
1074,0.9646833685363194,0.9499135,0.9671737440210805,0.9367714155426153,0.9517974276087019,1
1075,0.0950371299579197,0.113386765,0.10396297182178198,0.09781855538420516,0.10307233963523058,0
1076,0.9319158523658446,0.9406283,0.9539395627218745,0.9309499242819438,0.9351593395086237,1
1077,0.11294168562793758,0.12558316,0.11828017596321112,0.10550538460378645,0.11613919964311131,0
1078,0.8746687431401027,0.85121554,0.8323718111045223,0.880904325706523,0.8668463699917006,1
1079,0.1625947813248419,0.15330224,0.11823940315199681,0.11273086249999582,0.14641178628045654,0
1080,0.08045880439782487,0.07254023,0.05884155826114576,0.07997950991465647,0.07717155143752714,0
1081,0.13931390551070102,0.16118674,0.13733263918745575,0.11827782381223492,0.14280401731263218,0
1082,0.0829242674314469,0.09378131,0.10931851776786872,0.0972499591007282,0.09084850556699771,0
1083,0.17052399439401575,0.17906873,0.1789876010893167,0.14192141523762772,0.1667912420697665,0
1084,0.6834645233334686,0.6167999,0.6290973977356596,0.6966479164994913,0.6600945186895971,1
1085,0.14377676980049808,0.104320295,0.10843459196393139,0.10368161888585031,0.11797039444883044,0
1086,0.8452007918799147,0.9255326,0.8667295423002193,0.896159172824609,0.8900731021329211,1
1087,0.09422131550775782,0.106906116,0.09053022049231835,0.09283171741976037,0.09894783693121681,0
1088,0.7880370431989577,0.8064868,0.86088667095607,0.8791792308059544,0.8182025048672512,1
1089,0.5489928814794429,0.5767586,0.5877031394271973,0.6208817092848138,0.5780713940289728,1
1090,0.07890296406531086,0.09812448,0.12640450618770446,0.1031272334532379,0.09264763848121374,0
1091,0.5180321102510917,0.43973583,0.5816408512493693,0.5836963912950105,0.5031296713239348,1
1092,0.7048852396825522,0.675907,0.7043934632011003,0.7668122182900516,0.70877571266299,1
1093,0.883736990150611,0.8509915,0.7905111335390947,0.8638694671879363,0.865671926232312,1
1094,0.5568051790113927,0.57533216,0.5594527162645034,0.596487760252149,0.5741366156425541,1
1095,0.944194170030102,0.9056028,0.894978583318049,0.9137504104891637,0.9211466812791737,1
1096,0.07543511500963115,0.09095517,0.1212348505814379,0.10046959701319781,0.08790175745525014,0
1097,0.1775695608171495,0.15394795,0.1958435772177862,0.14882118755740006,0.16093382219408822,0
1098,0.47670513986016794,0.48474354,0.5279098657666917,0.5287492233997149,0.4929315160282138,0
1099,0.07888502425049607,0.09812448,0.12558284361276395,0.10282975384066877,0.09256698964288629,0
1100,0.8865882933192224,0.90659535,0.9179768556581376,0.9158348355932607,0.9019027572452389,1
1101,0.07110064126810998,0.08940556,0.08057321668263126,0.08656706034379018,0.08228921387618535,0
1102,0.15218258195856088,0.2131197,0.152801460478399,0.13040142071740102,0.17111214057537588,0
1103,0.08537336244153815,0.09265154,0.08536715653448597,0.08951585122838139,0.08932025433691713,0
1104,0.16153148154250221,0.13606898,0.21491452645646358,0.1544636692370921,0.1495795297956057,0
1105,0.714977337557732,0.7665176,0.7522058886965187,0.8103500191835159,0.7594366107237542,1
1106,0.35382392778160776,0.22734971,0.20257133811505432,0.18679469855315325,0.2614769362298511,0
1107,0.23461599389065071,0.20646963,0.26597529475227194,0.20256018651940044,0.21534349756565163,0
1108,0.7838979927215429,0.7370635,0.7409745440024008,0.8120821620940946,0.7722102428584947,1
1109,0.23600387253959443,0.15384476,0.17225015918379807,0.14536947316060042,0.18048162648123708,0
1110,0.9125916074803615,0.93067825,0.932754608477545,0.9234696480151142,0.9225457739840877,1
1111,0.08299159965376245,0.093771145,0.08562798587439795,0.08944950380049436,0.08891789372803408,0
1112,0.7692965217543767,0.7990616,0.7911024126177746,0.843814963645749,0.7998321561224386,1
1113,0.08661774274085035,0.09699279,0.0903470896228437,0.091479797778623,0.09198327717367155,0
1114,0.8395764139402421,0.87380385,0.8931484960230883,0.9016002903195324,0.8687733650148912,1
1115,0.11344176413840451,0.11248071,0.1042618509922129,0.09967157892583337,0.10961479516654085,0
1116,0.813381603467702,0.88129306,0.8762357820832024,0.8933750564278994,0.8605445427183605,1
1117,0.5091524353944904,0.46021867,0.5551219204899848,0.5595794474324961,0.5021856844200314,1
1118,0.10461742742257535,0.114611425,0.1010386857281634,0.0978229351576661,0.10691640318960213,0
1119,0.7750414569716818,0.74765146,0.7412985705534639,0.8119341513813096,0.77330863090004,1
1120,0.06863455571089555,0.08142362,0.06485613666837416,0.08121767839112881,0.07689596349153698,0
1121,0.11650468865473212,0.11406864,0.11608462605386914,0.10430163374184623,0.11247950562301737,0
1122,0.1844639586079991,0.1328478,0.22437637678545888,0.16244451079770916,0.15831263355257424,0
1123,0.8410211199996502,0.89886683,0.8763644480970285,0.8974487272942173,0.8782663246073521,1
1124,0.1419314676474675,0.13408329,0.11130247976207253,0.10653394385381093,0.12994281326611729,0
1125,0.08299870703403205,0.095554456,0.09411836209977796,0.09228697381210317,0.09034307485096071,0
1126,0.42070716228302907,0.37537724,0.37025942790701144,0.3455612589729509,0.3837887166610113,0
1127,0.0905009270919623,0.09946751,0.09364109562286978,0.09306081306000219,0.09472753338030311,0
1128,0.2825062361938443,0.2364936,0.3067988047964325,0.24284514206557928,0.25418591212249564,0
1129,0.18460492451215163,0.1781207,0.16359130009598852,0.13651566111150037,0.1699889243295212,0
1130,0.8102752074002382,0.8652703,0.777108778398739,0.8487368275581145,0.8418886680408607,1
1131,0.9745873962604067,0.9419848,0.957669116057026,0.9348650154705002,0.9516157635525723,1
1132,0.8140383436176488,0.88043916,0.8757178630370775,0.8931938485368036,0.8603875651835048,1
1133,0.868289579197615,0.85212106,0.8156367828230436,0.8731876353461252,0.8630466776457081,1
1134,0.34351488383467266,0.28852567,0.3836307636502254,0.3244238999269753,0.3167464526306114,0
1135,0.07150057973004624,0.087379985,0.07955540937191395,0.08617521935852829,0.08152100380337389,0
1136,0.6755136655851021,0.7547825,0.6512824030665681,0.7324859774287467,0.721464270504645,1
1137,0.4484270834659124,0.45675308,0.44348999062213906,0.4341747925870801,0.44819440740897265,0
1138,0.8896065917468906,0.88763875,0.9024422997538065,0.9102242918110207,0.8939738910619391,1
1139,0.05346056649895654,0.096562415,0.06844610317739568,0.081818387127457,0.07779076343623498,0
1140,0.9176123259503294,0.9088865,0.9087196909310161,0.9158191477933213,0.9136736979318856,1
1141,0.46833835432775495,0.42222297,0.566155463638907,0.5523963227104682,0.47090669941927527,0
1142,0.9370708034940362,0.919189,0.8706811732660852,0.9061478728665353,0.9221873518756121,1
1143,0.1413522153939827,0.16851921,0.13366357940972448,0.11756813412819321,0.14627299890855539,0
1144,0.4139851244329325,0.40484953,0.4562006583243985,0.42793638070500756,0.41381870341455346,0
1145,0.08622553060001507,0.09658771,0.0895177042755505,0.09115189191255044,0.09160199495632945,0
1146,0.15986945951450188,0.17167155,0.13524760618915208,0.12059353823769853,0.1547713216383368,0
1147,0.07468671293343472,0.09012566,0.08130174068953888,0.08714655616184636,0.08397725235944012,0
1148,0.0950371299579197,0.113386765,0.10396297182178198,0.09781855538420516,0.10307233963523058,0
1149,0.11928270076484276,0.16408293,0.12024079091433444,0.10953949188861628,0.13476698854653163,0
1150,0.8426062233400026,0.8682932,0.847075143519607,0.8844317657495682,0.8633374277938777,1
1151,0.10461773811149316,0.11014917,0.10052789546026787,0.09736793212153678,0.10501785910569868,0
1152,0.047667032629830304,0.07449262,0.05248926110828955,0.07570732818190204,0.06540734084254882,0
1153,0.08366958455782023,0.09239306,0.08768528205973831,0.09008523820587681,0.0887628908403365,0
1154,0.8653118397749645,0.87709695,0.853985333152442,0.8902519494313813,0.8762609116822201,1
1155,0.7552097955510049,0.7834919,0.7359400650847494,0.8092886237739979,0.7800423660693193,1
1156,0.15857077071435385,0.16778019,0.19568036437760228,0.14733939105281013,0.15944669826607596,0
1157,0.07150057973004624,0.08524989,0.07885108153617243,0.08584032938333502,0.08058524408838226,0
1158,0.08466432569368225,0.074259266,0.1106209919421655,0.09664532856601502,0.08349755263720696,0
1159,0.07468671293343472,0.09012566,0.08130174068953888,0.08714655616184636,0.08397725235944012,0
1160,0.4089229849801066,0.3181982,0.4554204782273952,0.41081604580271786,0.3731063378099277,0
1161,0.09263222341743656,0.107664146,0.09935782033643048,0.09566329680722759,0.09940276209973388,0
1162,0.27038118511385656,0.20036274,0.27865424598998395,0.21655187783211557,0.22891648251686444,0
1163,0.0950371299579197,0.113386765,0.10396297182178198,0.09781855538420516,0.10307233963523058,0
1164,0.9448843440755488,0.9348437,0.9542195033288463,0.9316713998023419,0.9375648579792615,1
1165,0.7089488159873727,0.73986065,0.6997948514146817,0.7725034585383663,0.7372022237020043,1
1166,0.097786728315289,0.11170911,0.10743065654528942,0.09918125599771795,0.10370431532048428,0
1167,0.9219131672817876,0.91413665,0.8766392661919977,0.9063933583335547,0.914922625284648,1
1168,0.07554731231733394,0.10078634,0.12216904276332148,0.10144643459876282,0.09211770450245793,0
1169,0.06611026089162793,0.10242119,0.08655596245801539,0.08873134814048744,0.086289902347884,0
1170,0.07433710290141309,0.11175308,0.11129788570132221,0.09822285878011597,0.09527493049143596,0
1171,0.08515735083369097,0.10437638,0.1313963890582435,0.10601058519806962,0.09805827308668011,0
1172,0.3440358688265928,0.3082569,0.422062920645559,0.361424144599609,0.3340713479792305,0
1173,0.881713165266469,0.8753597,0.7958730537619362,0.8680482109675474,0.8757555402371743,1
1174,0.7750414569716818,0.74765146,0.7412985705534639,0.8119341513813096,0.77330863090004,1
1175,0.621644393672629,0.6369996,0.6620628555452722,0.7121767950454849,0.650419579381264,1
1176,0.7794390538429297,0.8161714,0.7664304133155123,0.8339879194930663,0.8077692058376614,1
1177,0.05576373280012205,0.06945323,0.05560390016138742,0.07693935321747204,0.06653343758054567,0
1178,0.07531171293343472,0.09012566,0.08130633670743148,0.0872028458140974,0.08421007477250289,0
1179,0.43850102885681436,0.32567802,0.4142170685466963,0.38151174536207194,0.3791245077069207,0
1180,0.16958975477713945,0.13664608,0.17934226618952168,0.1383246260462233,0.14859600224335573,0
1181,0.08299159965376245,0.093771145,0.08562798587439795,0.08944950380049436,0.08891789372803408,0
1182,0.18928453045943486,0.13038929,0.1716512161058258,0.13681938164510404,0.1526101455541472,0
1183,0.4913925654611311,0.39443445,0.508355768667664,0.49771496770602114,0.45418991768042277,0
1184,0.0996197764435712,0.11365951,0.10869573826823703,0.09992875815542825,0.10531291544969512,0
1185,0.5614590912690911,0.47258112,0.42926393218173,0.4540572094742672,0.49905743463108515,0
1186,0.1200451497716411,0.107475534,0.09056914536989963,0.09530679197102628,0.10883271553553069,0
1187,0.07150057973004624,0.08524989,0.07885108153617243,0.08584032938333502,0.08058524408838226,0
1188,0.9292040320367199,0.92936206,0.9049655575146437,0.9167963164248544,0.9261653316562696,1
1189,0.12798396053031513,0.10260459,0.09739911279060788,0.09809254890943388,0.11035935955550874,0
1190,0.3289799884270809,0.25722048,0.300248232525187,0.250370903824904,0.28062391116189556,0
1191,0.143664824295543,0.20984192,0.1430430505701491,0.12486380676532477,0.16543541343533746,0
1192,0.14122508523861352,0.18538393,0.13272760689274463,0.11842373594913415,0.15318828614173638,0
1193,0.3959224610515751,0.39500332,0.46677763877830375,0.4314318214624417,0.4044321502087746,0
1194,0.05712492732243548,0.08950456,0.07575817327380692,0.08390818718849344,0.07677259554224775,0
1195,0.09045397099292889,0.09401934,0.08958885903008858,0.09141012601060532,0.09211915823572407,0
1196,0.7750414569716818,0.74765146,0.7412985705534639,0.8119341513813096,0.77330863090004,1
1197,0.7818879167578082,0.8373926,0.8193426355971383,0.8627210280830837,0.8242980910840934,1
1198,0.34087697131020306,0.3193052,0.2841655228894638,0.2493738898014185,0.30937249693117297,0
1199,0.8182008403707077,0.8229043,0.792923443907607,0.8538235200915326,0.8289879075415316,1
1200,0.289475623979195,0.17300244,0.21428538930966334,0.17725973084696817,0.2148323787875276,0
1201,0.3315268061117389,0.20121083,0.36697216170848757,0.29446513114413897,0.27013499557928766,0
1202,0.10138151116672434,0.107664146,0.10171815186364823,0.09730616632382477,0.1028757301911339,0
1203,0.14055685407104462,0.1598437,0.14035102459442286,0.11955316864913429,0.14302066885461667,0
1204,0.07468671293343472,0.09012566,0.08131878411330482,0.08715183766428726,0.08397857273505034,0
1205,0.45606422690482257,0.3437839,0.43141248446117264,0.4051890611972453,0.39843330775291785,0
1206,0.9370965214330227,0.93885905,0.9466328927142712,0.9293907099012182,0.9358750841395365,1
1207,0.7707590550801862,0.755485,0.7437755824812342,0.8135324915889485,0.7753427914657686,1
1208,0.29586519858647037,0.18156908,0.30438843020608825,0.23669217374066218,0.2353534967504735,0
1209,0.14447770522330355,0.15810062,0.1732681618457241,0.13407917926927412,0.14732724408068215,0
1210,0.1525296784452154,0.20114695,0.14400226084477605,0.12566644042593905,0.1652607801755876,0
1211,0.06820713790013992,0.07367193,0.08472096396849382,0.0867065357411071,0.07501790513321283,0
1212,0.10116531091435052,0.11348638,0.09806860101631232,0.09640438371925134,0.10490350575877525,0
1213,0.17088188016630126,0.16657783,0.1908871136687282,0.14659396221544416,0.16308827948622345,0
1214,0.3013099191460951,0.21037844,0.29527836609667857,0.2350757406067778,0.2483787866169078,0
1215,0.5519919405480022,0.6519057,0.4987168863903628,0.550694829854369,0.5916331907230047,1
1216,0.9332210468726042,0.94522613,0.9159908384037717,0.9211638607873887,0.9350088026315402,1
1217,0.09830574328241001,0.11891329,0.09983710444322419,0.0970682904243613,0.10623940139898061,0
1218,0.9370277963952722,0.9261644,0.9157926022158197,0.920424017361467,0.9285314885413586,1
1219,0.20077801418671407,0.15771705,0.2103945140737659,0.15990826156409896,0.17333619298534958,0
1220,0.0808501204238638,0.10641074,0.11618482385118674,0.10022642634299685,0.09591844769168782,0
1221,0.08545699207654182,0.102669254,0.13396139937235593,0.10687673276882352,0.09769683125207772,0
1222,0.9072626264705064,0.8793277,0.8343047109413405,0.8874068310339899,0.8911247187609219,1
1223,0.5070556877757852,0.6030721,0.5219947330075337,0.5522613497487555,0.5567636768544687,1
1224,0.097786728315289,0.11170911,0.10743065654528942,0.09918125599771795,0.10370431532048428,0
1225,0.6577369790046211,0.7363402,0.7148943452955091,0.7724710139298221,0.7178617800707642,1
1226,0.13589548524815329,0.18782929,0.13404642552613308,0.11852805054682543,0.15232714681758466,0
1227,0.38614818276739515,0.38563788,0.3903009134811996,0.3563229331719846,0.3784877490102417,0
1228,0.15538044013101693,0.18720698,0.17650735227265887,0.13943448561759858,0.1641245733471176,0
1229,0.06482286125535014,0.07168545,0.05304771006230516,0.07705490277323729,0.07062590682077792,0
1230,0.1530790772650124,0.22300524,0.20272379499361315,0.1551291248883459,0.18156205681325316,0
1231,0.6483968302883667,0.8116188,0.770091291361652,0.8146657396043392,0.7552528415142049,1
1232,0.13784829452018027,0.16388084,0.17385257701335474,0.1339722347370978,0.14729230072412408,0
1233,0.12217567338249255,0.14395629,0.11244713063134164,0.10555697503876693,0.12673324566675634,0
1234,0.12933618364539745,0.12695529,0.08582495097096081,0.09579409314483736,0.11999830182944768,0
1235,0.9524766245220111,0.94245297,0.9636256259214706,0.9348128652981956,0.944051233694942,1
1236,0.8454672670715394,0.83335865,0.763670167701433,0.8440245459953974,0.8402631560309408,1
1237,0.6340640196769263,0.66815835,0.6491799867852184,0.7092373000513224,0.666495084770696,1
1238,0.0769852978532522,0.094880864,0.12436580027392381,0.10198906083087625,0.09039446432096418,0
1239,0.5484559796115592,0.40365058,0.5654068408014854,0.5701837053071309,0.4959657549057409,0
1240,0.08686163903390415,0.089054994,0.12779899617228604,0.10384665499587223,0.09198523437981912,0
1241,0.8840486181113463,0.87560964,0.8559733839586339,0.8928962017667962,0.8828849332243042,1
1242,0.9900706907415308,0.9509259,0.9740930106864577,0.9399902374866504,0.9618926498231386,1
1243,0.07543511500963115,0.09095517,0.1212348505814379,0.10046959701319781,0.08790175745525014,0
1244,0.14462555794168563,0.13185182,0.20672494482854709,0.14759807737684705,0.1402591949690509,0
1245,0.07784782531246559,0.109237894,0.07758657133591167,0.08735545734801935,0.09278076245282608,0
1246,0.7599109803957335,0.78688675,0.7051398689268545,0.7913401701047187,0.7785585803649275,1
1247,0.36653582367467175,0.3042211,0.40256711076221857,0.3490580746289736,0.33724049738546374,0
1248,0.9086353303760792,0.9113491,0.891833889062421,0.9099420019410027,0.9100475191796988,1
1249,0.07254242459926738,0.087379985,0.07989698955046105,0.08637070694510243,0.08193452140424481,0
1250,0.0950371299579197,0.113386765,0.10396297182178198,0.09781855538420516,0.10307233963523058,0
1251,0.5772792760695542,0.659172,0.6614077244096223,0.7048023780961625,0.6419171465091786,1
1252,0.0867847705175709,0.09524491,0.0678427518225738,0.08436852079842827,0.08956476261784031,0
1253,0.9502565270114132,0.9284457,0.9276520032994308,0.92487709165973,0.9351873301407624,1
1254,0.9027890780124439,0.8967894,0.9067325339366961,0.9132631815165858,0.9030077155099636,1
1255,0.16265392743315676,0.19114451,0.14459414135935322,0.12636609597546672,0.1649782045270397,0
1256,0.9671942162226778,0.9422606,0.9673300117077522,0.9366486898151887,0.9495843973230185,1
1257,0.3030637415278571,0.17028666,0.17372228519824406,0.15709911802173807,0.21346174972047852,0
1258,0.08011822283337326,0.09065899,0.0870188613777998,0.08945213141428836,0.08666800711176083,0
1259,0.5225274547869909,0.3607979,0.5362029840769806,0.5274051046815532,0.45905504711856304,0
1260,0.9613130826340118,0.9427527,0.9424382769889391,0.9302486561784069,0.9461228364971608,1
1261,0.1667673062849416,0.14943758,0.19444008478348462,0.1462311895653479,0.1547013866941282,0
1262,0.09776283654506007,0.09184355,0.11389951630809876,0.10017088619535901,0.09599713772976085,0
1263,0.9766840877065383,0.94055325,0.9676440464171806,0.937267504639043,0.9523776060284969,1
1264,0.11261509888326157,0.1033519,0.1688438241064788,0.1238217693203193,0.11171148782589052,0
1265,0.1557378309963811,0.15568028,0.13900603842391843,0.1204554036807145,0.1468942045854842,0
1266,0.9577914764158865,0.9411665,0.9375083048616042,0.9286607907067824,0.9438588165092767,1
1267,0.8652770481649275,0.8243093,0.8641674652830038,0.8904511127616254,0.8551834608302965,1
1268,0.3998948573733893,0.41872743,0.3998456179620806,0.3739152160608858,0.40093297816454937,0
1269,0.07679125772893526,0.094083935,0.12688278932379538,0.10281841621074438,0.09021511975687121,0
1270,0.16331129049978846,0.11421824,0.17650610013009496,0.13432849885035628,0.1364283756092691,0
1271,0.21103344965722762,0.25237933,0.2126754099233462,0.17202897732164438,0.21782068291542733,0
1272,0.0950371299579197,0.113386765,0.10396297182178198,0.09781855538420516,0.10307233963523058,0
1273,0.08299870703403205,0.095554456,0.09411836209977796,0.09228697381210317,0.09034307485096071,0
1274,0.6247323594110512,0.5757574,0.6687844185560566,0.7092955992943127,0.6262831852980033,1
1275,0.6028519853296777,0.503526,0.6330976454491429,0.6631561718293875,0.578197635709964,1
1276,0.12909899378583212,0.15123995,0.15721410441607922,0.1245808797404838,0.1368258478441046,0
1277,0.8498031991018403,0.85112137,0.7863635819118394,0.8574548552143747,0.8522433918197736,1
1278,0.10250215001347908,0.112241305,0.09904451776484276,0.09678745424418886,0.10496914046528386,0
1279,0.11870312132372308,0.0934194,0.10013991458784344,0.09755404903997147,0.10330236585839725,0
1280,0.12653561402658925,0.11574503,0.11830802420895925,0.10627227781440113,0.11715354650031955,0
1281,0.25795218276021,0.15577751,0.2548672199240994,0.1940373941353599,0.2011036173472016,0
1282,0.4238465382494021,0.3321812,0.42798176938851373,0.39148950558872486,0.37909114195827714,0
1283,0.9361672563902972,0.9320013,0.944853222689766,0.9285434434349417,0.9325949295984827,1
1284,0.5423813136036469,0.5795555,0.5224403205400305,0.5581787347046291,0.5612003510075096,1
1285,0.1281400220240789,0.14546895,0.12380037469037568,0.11055644798285133,0.13067570130289916,0
1286,0.08202088310290843,0.120195605,0.07180433583340089,0.08655215264799151,0.09842358993738695,0
1287,0.9577965470593621,0.9274258,0.9504875503394,0.9313156945497137,0.9390280536911978,1
1288,0.08483781713362192,0.108445466,0.09966773918922535,0.09507362403410381,0.09683982748612667,0
1289,0.9738158553854251,0.9451445,0.9547790553935678,0.9342620937515411,0.9524588805067288,1
1290,0.09954686375388061,0.11112986,0.09866484398512303,0.09630506513173598,0.10336961312680243,0
1291,0.1188651418810133,0.16186246,0.12521392810344742,0.11124135833660495,0.1341581258362292,0
1292,0.9699196823228278,0.93524635,0.9483889661992118,0.932001249821496,0.9465707406207807,1
1293,0.05408290016991847,0.07170178,0.0707541927049199,0.08121767870343861,0.06791414671996551,0
1294,0.9495152261405841,0.9473926,0.9330258922573712,0.9271788506268267,0.9430820749632597,1
1295,0.27443398981965816,0.24049146,0.2853381374696532,0.22674243416093415,0.24893408938062872,0
1296,0.4112092913865115,0.32759398,0.41372719397023555,0.37430601615523273,0.3685373489119656,0
1297,0.3720811779416664,0.3145551,0.44472260032515637,0.3904311767861199,0.35365825883569424,0
1298,0.10048185443718703,0.09978387,0.1154197753240341,0.10149227430031246,0.1004552639220675,0
1299,0.23284551699906694,0.237142,0.2609205912405003,0.2025917723397642,0.22700067268344873,0
1300,0.7370392056943522,0.7426133,0.7268945181641909,0.7959237844292882,0.7539899883727911,1
1301,0.7510366814056699,0.7927742,0.7336491706895131,0.8082185395649079,0.7820271475985282,1
1302,0.7750414569716818,0.74765146,0.7412985705534639,0.8119341513813096,0.77330863090004,1
1303,0.9821997060093853,0.9462631,0.9605467191041851,0.9362308783077221,0.9563328466301666,1
1304,0.46404171781305936,0.4358135,0.4949669760191225,0.48450385328152795,0.45786595620515264,0
1305,0.08299159965376245,0.093771145,0.08562798587439795,0.08944950380049436,0.08891789372803408,0
1306,0.8803230091713017,0.9034401,0.8585419941091276,0.8953302136708389,0.8933216537620647,1
1307,0.05576373280012205,0.06945323,0.05498446769976421,0.07676816775761251,0.06649064121558079,0
1308,0.08299159965376245,0.093771145,0.08562798587439795,0.08944950380049436,0.08891789372803408,0
1309,0.7780690644852545,0.87613124,0.801251725260844,0.8570468390177246,0.8370383948269405,1
